,dataset,embed_model,fm,fold,framework,model_name,prec,rec,vector_name,ds_size
3,D-W(V1),MultiKE,0.8881665181146123,1,EAGER MLP,MLP,0.9879855359850694,0.8066666666666666,SimAndEmb,15K
48,D-W(V1),MultiKE,0.8613130823504066,1,EAGER RF,RF,0.9911987107970746,0.7615238095238095,SimAndEmb,15K
3,D-W(V1),MultiKE,0.8885866722460508,2,EAGER MLP,MLP,0.9856115107913668,0.8089523809523811,SimAndEmb,15K
48,D-W(V1),MultiKE,0.8596538523750473,2,EAGER RF,RF,0.990679756430968,0.7592380952380953,SimAndEmb,15K
3,D-W(V1),MultiKE,0.8170834504074178,3,EAGER MLP,MLP,0.9965729952021932,0.6923809523809524,SimAndEmb,15K
48,D-W(V1),MultiKE,0.8568487212830517,3,EAGER RF,RF,0.9938411261940674,0.7530476190476191,SimAndEmb,15K
3,D-W(V1),MultiKE,0.8663273506563086,4,EAGER MLP,MLP,0.9902020820575628,0.77,SimAndEmb,15K
48,D-W(V1),MultiKE,0.8551156366787629,4,EAGER RF,RF,0.9913349240236092,0.7518095238095238,SimAndEmb,15K
3,D-W(V1),MultiKE,0.8967990022864271,5,EAGER MLP,MLP,0.9868481244281794,0.8218095238095238,SimAndEmb,15K
48,D-W(V1),MultiKE,0.869085848854635,5,EAGER RF,RF,0.9920576735092864,0.7732380952380953,SimAndEmb,15K
3,D-W(V2),MultiKE,0.9468063872255488,1,EAGER MLP,MLP,0.9944444444444444,0.9035238095238096,SimAndEmb,15K
48,D-W(V2),MultiKE,0.9269876706073368,1,EAGER RF,RF,0.9919643826691279,0.87,SimAndEmb,15K
3,D-W(V2),MultiKE,0.9223142185423694,2,EAGER MLP,MLP,0.9952570041914848,0.8593333333333333,SimAndEmb,15K
48,D-W(V2),MultiKE,0.933326603745016,2,EAGER RF,RF,0.9928057553956836,0.8805714285714286,SimAndEmb,15K
3,D-W(V2),MultiKE,0.9701035438238296,3,EAGER MLP,MLP,0.990765564492106,0.9502857142857144,SimAndEmb,15K
48,D-W(V2),MultiKE,0.9323551732861118,3,EAGER RF,RF,0.9944954128440368,0.8775238095238095,SimAndEmb,15K
3,D-W(V2),MultiKE,0.9581565183065234,4,EAGER MLP,MLP,0.9941634241245136,0.9246666666666666,SimAndEmb,15K
48,D-W(V2),MultiKE,0.9261710794297352,4,EAGER RF,RF,0.9950765864332604,0.8661904761904762,SimAndEmb,15K
3,D-W(V2),MultiKE,0.9524280976189298,5,EAGER MLP,MLP,0.9916503453252242,0.9161904761904762,SimAndEmb,15K
48,D-W(V2),MultiKE,0.9379227416203216,5,EAGER RF,RF,0.9895337773549,0.8914285714285715,SimAndEmb,15K
3,D-Y(V1),MultiKE,0.991500600240096,1,EAGER MLP,MLP,0.999903147699758,0.9832380952380952,SimAndEmb,15K
48,D-Y(V1),MultiKE,0.9912751677852348,1,EAGER RF,RF,0.9979729729729728,0.9846666666666668,SimAndEmb,15K
3,D-Y(V1),MultiKE,0.991983871741948,2,EAGER MLP,MLP,1.0,0.984095238095238,SimAndEmb,15K
48,D-Y(V1),MultiKE,0.9920406597621788,2,EAGER RF,RF,0.9989378138277328,0.9852380952380952,SimAndEmb,15K
3,D-Y(V1),MultiKE,0.992275584128964,3,EAGER MLP,MLP,0.9998066325050758,0.9848571428571428,SimAndEmb,15K
48,D-Y(V1),MultiKE,0.9923737349513166,3,EAGER RF,RF,0.999613489226012,0.9852380952380952,SimAndEmb,15K
3,D-Y(V1),MultiKE,0.9905805459438678,4,EAGER MLP,MLP,0.9998059759410168,0.9815238095238096,SimAndEmb,15K
48,D-Y(V1),MultiKE,0.9916127486220944,4,EAGER RF,RF,0.9980704293294742,0.9852380952380952,SimAndEmb,15K
3,D-Y(V1),MultiKE,0.9908715287787068,5,EAGER MLP,MLP,0.9998060888113244,0.982095238095238,SimAndEmb,15K
48,D-Y(V1),MultiKE,0.9923298178331736,5,EAGER RF,RF,0.999034749034749,0.9857142857142858,SimAndEmb,15K
3,D-Y(V2),MultiKE,0.9945454545454544,1,EAGER MLP,MLP,0.9993269230769232,0.9898095238095238,SimAndEmb,15K
48,D-Y(V2),MultiKE,0.9951773862388388,1,EAGER RF,RF,0.9978933256726994,0.9924761904761904,SimAndEmb,15K
3,D-Y(V2),MultiKE,0.9963702359346644,2,EAGER MLP,MLP,0.9993293734431884,0.9934285714285714,SimAndEmb,15K
48,D-Y(V2),MultiKE,0.9957003630804512,2,EAGER RF,RF,0.9989455521472392,0.9924761904761904,SimAndEmb,15K
3,D-Y(V2),MultiKE,0.9954115285345568,3,EAGER MLP,MLP,0.9991364421416234,0.9917142857142855,SimAndEmb,15K
48,D-Y(V2),MultiKE,0.9949830378900092,3,EAGER RF,RF,0.9983699300028764,0.9916190476190476,SimAndEmb,15K
3,D-Y(V2),MultiKE,0.9967529366822652,4,EAGER MLP,MLP,0.9995211645278682,0.9940000000000001,SimAndEmb,15K
48,D-Y(V2),MultiKE,0.9966577540106952,4,EAGER RF,RF,0.9993297587131368,0.9940000000000001,SimAndEmb,15K
3,D-Y(V2),MultiKE,0.9958446768878062,5,EAGER MLP,MLP,0.9988502443230812,0.9928571428571428,SimAndEmb,15K
48,D-Y(V2),MultiKE,0.9957951070336392,5,EAGER RF,RF,0.9992328346758726,0.9923809523809524,SimAndEmb,15K
3,EN-DE(V1),MultiKE,0.9782482598607888,1,EAGER MLP,MLP,0.9932273262661956,0.9637142857142856,SimAndEmb,15K
48,EN-DE(V1),MultiKE,0.9751200349192491,1,EAGER RF,RF,0.9934776163652534,0.9574285714285714,SimAndEmb,15K
3,EN-DE(V1),MultiKE,0.9828961276064188,2,EAGER MLP,MLP,0.9917587744812876,0.9741904761904762,SimAndEmb,15K
48,EN-DE(V1),MultiKE,0.9774589170585098,2,EAGER RF,RF,0.995359857833942,0.960190476190476,SimAndEmb,15K
3,EN-DE(V1),MultiKE,0.9769219604238232,3,EAGER MLP,MLP,0.9928213196971188,0.9615238095238096,SimAndEmb,15K
48,EN-DE(V1),MultiKE,0.9749138725799408,3,EAGER RF,RF,0.9937679295677121,0.9567619047619048,SimAndEmb,15K
3,EN-DE(V1),MultiKE,0.9777670372160464,4,EAGER MLP,MLP,0.9926398429833171,0.9633333333333334,SimAndEmb,15K
48,EN-DE(V1),MultiKE,0.9760186037498184,4,EAGER RF,RF,0.993294546888867,0.9593333333333334,SimAndEmb,15K
3,EN-DE(V1),MultiKE,0.9768632565328697,5,EAGER MLP,MLP,0.9910810545917867,0.9630476190476189,SimAndEmb,15K
48,EN-DE(V1),MultiKE,0.9753493788819876,5,EAGER RF,RF,0.9942619707162644,0.9571428571428572,SimAndEmb,15K
3,EN-DE(V2),MultiKE,0.982062350119904,1,EAGER MLP,MLP,0.9891787439613526,0.9750476190476189,SimAndEmb,15K
48,EN-DE(V2),MultiKE,0.9821600771456124,1,EAGER RF,RF,0.99462890625,0.97,SimAndEmb,15K
3,EN-DE(V2),MultiKE,0.979955671195914,2,EAGER MLP,MLP,0.9917105519797152,0.9684761904761904,SimAndEmb,15K
48,EN-DE(V2),MultiKE,0.980163135286452,2,EAGER RF,RF,0.9936392993443586,0.9670476190476189,SimAndEmb,15K
3,EN-DE(V2),MultiKE,0.9820422198872863,3,EAGER MLP,MLP,0.984958804368653,0.9791428571428572,SimAndEmb,15K
48,EN-DE(V2),MultiKE,0.9813282001924928,3,EAGER RF,RF,0.9918287937743192,0.9710476190476189,SimAndEmb,15K
3,EN-DE(V2),MultiKE,0.9811847360569752,4,EAGER MLP,MLP,0.9916350549557436,0.9709523809523808,SimAndEmb,15K
48,EN-DE(V2),MultiKE,0.9793183242539651,4,EAGER RF,RF,0.9916040222591038,0.9673333333333334,SimAndEmb,15K
3,EN-DE(V2),MultiKE,0.9807257870704158,5,EAGER MLP,MLP,0.9900048520135856,0.9716190476190476,SimAndEmb,15K
48,EN-DE(V2),MultiKE,0.9798048120591362,5,EAGER RF,RF,0.994312610315748,0.9657142857142856,SimAndEmb,15K
3,EN-FR(V1),MultiKE,0.9700873468989409,1,EAGER MLP,MLP,0.9946962874011808,0.9466666666666668,SimAndEmb,15K
48,EN-FR(V1),MultiKE,0.9690127077223852,1,EAGER RF,RF,0.9952811244979921,0.944095238095238,SimAndEmb,15K
3,EN-FR(V1),MultiKE,0.949901120632828,2,EAGER MLP,MLP,0.939374185136897,0.9606666666666668,SimAndEmb,15K
48,EN-FR(V1),MultiKE,0.9676315274789752,2,EAGER RF,RF,0.9942725080385852,0.9423809523809524,SimAndEmb,15K
3,EN-FR(V1),MultiKE,0.962189838519102,3,EAGER MLP,MLP,0.9959233591520588,0.9306666666666666,SimAndEmb,15K
48,EN-FR(V1),MultiKE,0.9673381576373948,3,EAGER RF,RF,0.9939710610932476,0.942095238095238,SimAndEmb,15K
3,EN-FR(V1),MultiKE,0.9708520179372196,4,EAGER MLP,MLP,0.99430910543131,0.9484761904761904,SimAndEmb,15K
48,EN-FR(V1),MultiKE,0.9659291168983748,4,EAGER RF,RF,0.9937550362610796,0.9396190476190476,SimAndEmb,15K
3,EN-FR(V1),MultiKE,0.9716367168528413,5,EAGER MLP,MLP,0.9913776015857284,0.9526666666666668,SimAndEmb,15K
48,EN-FR(V1),MultiKE,0.9650370225077232,5,EAGER RF,RF,0.9946426766400486,0.9371428571428572,SimAndEmb,15K
3,EN-FR(V2),MultiKE,0.9587239263803682,1,EAGER MLP,MLP,0.9890632911392404,0.9301904761904762,SimAndEmb,15K
48,EN-FR(V2),MultiKE,0.9872788139646104,1,EAGER RF,RF,0.9915465898174832,0.9830476190476192,SimAndEmb,15K
3,EN-FR(V2),MultiKE,0.977728177010044,2,EAGER MLP,MLP,0.9966366604016224,0.9595238095238096,SimAndEmb,15K
48,EN-FR(V2),MultiKE,0.9847998081994724,2,EAGER RF,RF,0.9916948334138096,0.978,SimAndEmb,15K
3,EN-FR(V2),MultiKE,0.9776104999034936,3,EAGER MLP,MLP,0.9908059467918624,0.9647619047619048,SimAndEmb,15K
48,EN-FR(V2),MultiKE,0.9889584627885856,3,EAGER RF,RF,0.9927070338739084,0.9852380952380952,SimAndEmb,15K
3,EN-FR(V2),MultiKE,0.9849468571153752,4,EAGER MLP,MLP,0.9948508695229769,0.9752380952380952,SimAndEmb,15K
48,EN-FR(V2),MultiKE,0.9870763928776566,4,EAGER RF,RF,0.9922055427251733,0.982,SimAndEmb,15K
3,EN-FR(V2),MultiKE,0.9748909355307804,5,EAGER MLP,MLP,0.9926949654491608,0.9577142857142856,SimAndEmb,15K
48,EN-FR(V2),MultiKE,0.9869481765834932,5,EAGER RF,RF,0.9945841392649905,0.9794285714285714,SimAndEmb,15K
3,D-W(V1),MultiKE,0.8436600963356293,1,EAGER MLP,MLP,0.9934376088892328,0.7331285714285715,SimAndEmb,100K
48,D-W(V1),MultiKE,0.8371683019862748,1,EAGER RF,RF,0.9888289901329234,0.7258428571428571,SimAndEmb,100K
3,D-W(V1),MultiKE,0.8965276701286622,2,EAGER MLP,MLP,0.979922060318536,0.8262142857142857,SimAndEmb,100K
48,D-W(V1),MultiKE,0.8307023129274202,2,EAGER RF,RF,0.9862357399516974,0.7175428571428571,SimAndEmb,100K
3,D-W(V1),MultiKE,0.8560476863356559,3,EAGER MLP,MLP,0.9918702246979564,0.7529428571428571,SimAndEmb,100K
48,D-W(V1),MultiKE,0.8346485260770976,3,EAGER RF,RF,0.9870502194051682,0.7230142857142857,SimAndEmb,100K
3,D-W(V1),MultiKE,0.8832809066911148,4,EAGER MLP,MLP,0.9885539397799242,0.7982714285714285,SimAndEmb,100K
48,D-W(V1),MultiKE,0.8327091445720382,4,EAGER RF,RF,0.9883038640422316,0.7194428571428572,SimAndEmb,100K
3,D-W(V1),MultiKE,0.8609871272397955,5,EAGER MLP,MLP,0.9919511104486509,0.7605714285714286,SimAndEmb,100K
48,D-W(V1),MultiKE,0.8291469371169842,5,EAGER RF,RF,0.9882187827393308,0.7141857142857143,SimAndEmb,100K
3,D-W(V2),MultiKE,0.9594978526593988,1,EAGER MLP,MLP,0.9869213924337386,0.9335571428571428,SimAndEmb,100K
48,D-W(V2),MultiKE,0.9252892335974354,1,EAGER RF,RF,0.988027449262666,0.8700428571428571,SimAndEmb,100K
3,D-W(V2),MultiKE,0.9504107088530576,2,EAGER MLP,MLP,0.9888060277610512,0.9148857142857144,SimAndEmb,100K
48,D-W(V2),MultiKE,0.9272132441684822,2,EAGER RF,RF,0.9892291993974829,0.8725142857142857,SimAndEmb,100K
3,D-W(V2),MultiKE,0.9243591112195568,3,EAGER MLP,MLP,0.9912831583423282,0.8659,SimAndEmb,100K
48,D-W(V2),MultiKE,0.916027257605838,3,EAGER RF,RF,0.988306124811856,0.8536,SimAndEmb,100K
3,D-W(V2),MultiKE,0.9338419700861156,4,EAGER MLP,MLP,0.9908784866944532,0.8830142857142858,SimAndEmb,100K
48,D-W(V2),MultiKE,0.9319843115999308,4,EAGER RF,RF,0.9851043175199324,0.8843,SimAndEmb,100K
3,D-W(V2),MultiKE,0.941730773552258,5,EAGER MLP,MLP,0.9899214185603376,0.8980142857142858,SimAndEmb,100K
48,D-W(V2),MultiKE,0.9104861309473262,5,EAGER RF,RF,0.9905262627450322,0.8424142857142857,SimAndEmb,100K
3,D-Y(V1),MultiKE,0.9956238201475888,1,EAGER MLP,MLP,0.996707135494216,0.9945428571428572,SimAndEmb,100K
48,D-Y(V1),MultiKE,0.9913728540154396,1,EAGER RF,RF,0.9995498373605948,0.9833285714285714,SimAndEmb,100K
3,D-Y(V1),MultiKE,0.9933079836976444,2,EAGER MLP,MLP,0.999623848034606,0.9870714285714286,SimAndEmb,100K
48,D-Y(V1),MultiKE,0.9917569561930816,2,EAGER RF,RF,0.9996371816268776,0.9840000000000001,SimAndEmb,100K
3,D-Y(V1),MultiKE,0.9889694204614364,3,EAGER MLP,MLP,0.999620570894869,0.9785428571428572,SimAndEmb,100K
48,D-Y(V1),MultiKE,0.9908493529699974,3,EAGER RF,RF,0.9995784148397976,0.9822714285714286,SimAndEmb,100K
3,D-Y(V1),MultiKE,0.99095061746185,4,EAGER MLP,MLP,0.9996365962147862,0.9824142857142856,SimAndEmb,100K
48,D-Y(V1),MultiKE,0.9909443912138262,4,EAGER RF,RF,0.9995204115740672,0.9825142857142856,SimAndEmb,100K
3,D-Y(V1),MultiKE,0.991582721898604,5,EAGER MLP,MLP,0.9996370552111612,0.9836571428571428,SimAndEmb,100K
48,D-Y(V1),MultiKE,0.9916197497444168,5,EAGER RF,RF,0.9995500595082586,0.9838142857142858,SimAndEmb,100K
3,D-Y(V2),MultiKE,0.9966829546670469,1,EAGER MLP,MLP,0.9953693809218492,0.998,SimAndEmb,100K
48,D-Y(V2),MultiKE,0.9929914099845452,1,EAGER RF,RF,0.9993489112348984,0.9867142857142858,SimAndEmb,100K
3,D-Y(V2),MultiKE,0.9962832732975744,2,EAGER MLP,MLP,0.9988655781961258,0.9937142857142856,SimAndEmb,100K
48,D-Y(V2),MultiKE,0.9933470320290836,2,EAGER RF,RF,0.9991905876911514,0.9875714285714284,SimAndEmb,100K
3,D-Y(V2),MultiKE,0.9962909392945624,3,EAGER MLP,MLP,0.9987366849464526,0.9938571428571428,SimAndEmb,100K
48,D-Y(V2),MultiKE,0.9938660001149228,3,EAGER RF,RF,0.9994366115797988,0.9883571428571428,SimAndEmb,100K
3,D-Y(V2),MultiKE,0.9951439248850538,4,EAGER MLP,MLP,0.9993517064526818,0.9909714285714286,SimAndEmb,100K
48,D-Y(V2),MultiKE,0.993367203949496,4,EAGER RF,RF,0.9994216059111876,0.9873857142857144,SimAndEmb,100K
3,D-Y(V2),MultiKE,0.9958791701006916,5,EAGER MLP,MLP,0.9992090314230244,0.9925714285714284,SimAndEmb,100K
48,D-Y(V2),MultiKE,0.9937420518310426,5,EAGER RF,RF,0.9996097307141928,0.9879428571428572,SimAndEmb,100K
3,EN-DE(V1),MultiKE,0.9831254056392874,1,EAGER MLP,MLP,0.992645988058832,0.9737857142857144,SimAndEmb,100K
48,EN-DE(V1),MultiKE,0.974711140178766,1,EAGER RF,RF,0.9919390622688952,0.9580714285714286,SimAndEmb,100K
3,EN-DE(V1),MultiKE,0.9817224444331932,2,EAGER MLP,MLP,0.994256999282125,0.9695,SimAndEmb,100K
48,EN-DE(V1),MultiKE,0.9734464345472801,2,EAGER RF,RF,0.9917874825817544,0.9557714285714286,SimAndEmb,100K
3,EN-DE(V1),MultiKE,0.981891784436332,3,EAGER MLP,MLP,0.9938538084436964,0.9702142857142856,SimAndEmb,100K
48,EN-DE(V1),MultiKE,0.975047121937074,3,EAGER RF,RF,0.9898292611127464,0.9607,SimAndEmb,100K
3,EN-DE(V1),MultiKE,0.9830650219527493,4,EAGER MLP,MLP,0.9923151935028454,0.9739857142857142,SimAndEmb,100K
48,EN-DE(V1),MultiKE,0.9741252295342544,4,EAGER RF,RF,0.990085424689063,0.9586714285714286,SimAndEmb,100K
3,EN-DE(V1),MultiKE,0.985079349100087,5,EAGER MLP,MLP,0.9917184265010353,0.9785285714285714,SimAndEmb,100K
48,EN-DE(V1),MultiKE,0.974125340599455,5,EAGER RF,RF,0.9912310536044362,0.9576,SimAndEmb,100K
3,EN-DE(V2),MultiKE,0.9883094687558344,1,EAGER MLP,MLP,0.9936036270178176,0.9830714285714286,SimAndEmb,100K
48,EN-DE(V2),MultiKE,0.9811969268095432,1,EAGER RF,RF,0.9920278004905968,0.9706,SimAndEmb,100K
3,EN-DE(V2),MultiKE,0.989990678999068,2,EAGER MLP,MLP,0.9937670937095148,0.9862428571428572,SimAndEmb,100K
48,EN-DE(V2),MultiKE,0.98249915271959,2,EAGER RF,RF,0.9919480481661059,0.9732285714285714,SimAndEmb,100K
3,EN-DE(V2),MultiKE,0.987889074276509,3,EAGER MLP,MLP,0.9946993395898506,0.9811714285714286,SimAndEmb,100K
48,EN-DE(V2),MultiKE,0.9822507416577042,3,EAGER RF,RF,0.9927050962197808,0.9720142857142856,SimAndEmb,100K
3,EN-DE(V2),MultiKE,0.9879774505292224,4,EAGER MLP,MLP,0.9946143154968728,0.9814285714285714,SimAndEmb,100K
48,EN-DE(V2),MultiKE,0.9820201830488396,4,EAGER RF,RF,0.9932634839916414,0.9710285714285716,SimAndEmb,100K
3,EN-DE(V2),MultiKE,0.9891087546097664,5,EAGER MLP,MLP,0.993542621580328,0.9847142857142858,SimAndEmb,100K
48,EN-DE(V2),MultiKE,0.9822155900142016,5,EAGER RF,RF,0.9913849556878209,0.9732142857142856,SimAndEmb,100K
3,EN-FR(V1),MultiKE,0.9774133573482846,1,EAGER MLP,MLP,0.9940761094368612,0.9613,SimAndEmb,100K
48,EN-FR(V1),MultiKE,0.9617850844506098,1,EAGER RF,RF,0.9946431024220502,0.9310285714285714,SimAndEmb,100K
3,EN-FR(V1),MultiKE,0.9758390824673244,2,EAGER MLP,MLP,0.9945706995787099,0.9578,SimAndEmb,100K
48,EN-FR(V1),MultiKE,0.9635006404687936,2,EAGER RF,RF,0.9939548588960784,0.9348571428571428,SimAndEmb,100K
3,EN-FR(V1),MultiKE,0.9774102285092492,3,EAGER MLP,MLP,0.9928960943257183,0.9624,SimAndEmb,100K
48,EN-FR(V1),MultiKE,0.9632181877079836,3,EAGER RF,RF,0.9937412651151486,0.9345142857142856,SimAndEmb,100K
3,EN-FR(V1),MultiKE,0.9752373181410868,4,EAGER MLP,MLP,0.9950790181823588,0.9561714285714286,SimAndEmb,100K
48,EN-FR(V1),MultiKE,0.9615361916846176,4,EAGER RF,RF,0.9941271584599426,0.9310142857142856,SimAndEmb,100K
3,EN-FR(V1),MultiKE,0.9754978033267032,5,EAGER MLP,MLP,0.9954202786492796,0.9563571428571428,SimAndEmb,100K
48,EN-FR(V1),MultiKE,0.9624057934712942,5,EAGER RF,RF,0.9935958867643256,0.9331142857142856,SimAndEmb,100K
3,EN-FR(V2),MultiKE,0.9760824503167264,1,EAGER MLP,MLP,0.990628769823756,0.9619571428571428,SimAndEmb,100K
48,EN-FR(V2),MultiKE,0.9761327007352142,1,EAGER RF,RF,0.9900815516861362,0.9625714285714284,SimAndEmb,100K
3,EN-FR(V2),MultiKE,0.9713240758280028,2,EAGER MLP,MLP,0.9911237324927891,0.9523,SimAndEmb,100K
48,EN-FR(V2),MultiKE,0.973592621595754,2,EAGER RF,RF,0.9885299487602331,0.9591,SimAndEmb,100K
3,EN-FR(V2),MultiKE,0.9785594251608044,3,EAGER MLP,MLP,0.9925355589514516,0.9649714285714286,SimAndEmb,100K
48,EN-FR(V2),MultiKE,0.9737090428697937,3,EAGER RF,RF,0.989758876132574,0.9581714285714286,SimAndEmb,100K
3,EN-FR(V2),MultiKE,0.9636053119755014,4,EAGER MLP,MLP,0.9940161594070834,0.935,SimAndEmb,100K
48,EN-FR(V2),MultiKE,0.973075695592886,4,EAGER RF,RF,0.9883597571756941,0.9582571428571428,SimAndEmb,100K
3,EN-FR(V2),MultiKE,0.9745770693714906,5,EAGER MLP,MLP,0.9887247335538404,0.9608285714285716,SimAndEmb,100K
48,EN-FR(V2),MultiKE,0.9752285205197664,5,EAGER RF,RF,0.9891128676794688,0.9617285714285714,SimAndEmb,100K
0,D-W(V1),,0.8758193969726562,1,DeepMatcher,,0.8442774963378906,0.9098094940185548,,15K
1,D-W(V1),,0.878628158569336,2,DeepMatcher,,0.8535380554199219,0.9052381134033205,,15K
2,D-W(V1),,0.8736518859863281,3,DeepMatcher,,0.8431216430664062,0.9064762115478515,,15K
3,D-W(V1),,0.8742565155029297,4,DeepMatcher,,0.86664794921875,0.8819999694824219,,15K
4,D-W(V1),,0.8758714294433594,5,DeepMatcher,,0.8608480072021485,0.8914286041259766,,15K
5,D-W(V2),,0.9037762451171877,1,DeepMatcher,,0.8948744201660156,0.9128571319580078,,15K
6,D-W(V2),,0.9007308959960938,2,DeepMatcher,,0.8921064758300781,0.9095237731933594,,15K
7,D-W(V2),,0.9066915893554688,3,DeepMatcher,,0.8882595062255859,0.925904769897461,,15K
8,D-W(V2),,0.9074295043945313,4,DeepMatcher,,0.9069546508789063,0.9079047393798828,,15K
9,D-W(V2),,0.9029678344726563,5,DeepMatcher,,0.8920174407958984,0.9141904449462891,,15K
10,D-W(V1),,0.925677490234375,1,DeepMatcher,,0.9067479705810548,0.9454142761230468,,100K
11,D-W(V1),,0.925413589477539,2,DeepMatcher,,0.9008345794677735,0.9513714599609376,,100K
12,D-W(V1),,0.925177001953125,3,DeepMatcher,,0.91114990234375,0.9396428680419922,,100K
13,D-W(V1),,0.9243318176269532,4,DeepMatcher,,0.9019589233398437,0.9478428649902344,,100K
14,D-W(V1),,0.9233920288085937,5,DeepMatcher,,0.9041757965087891,0.943442840576172,,100K
15,D-W(V2),,0.9361323547363279,1,DeepMatcher,,0.924042510986328,0.9485428619384766,,100K
16,D-W(V2),,0.9072644805908204,2,DeepMatcher,,0.8779161071777344,0.9386428833007813,,100K
17,D-W(V2),,0.9347061920166015,3,DeepMatcher,,0.9133493041992188,0.9570857238769531,,100K
18,D-W(V2),,0.9339369201660156,4,DeepMatcher,,0.9139138031005859,0.954857177734375,,100K
19,D-W(V2),,0.9334493255615235,5,DeepMatcher,,0.9315633392333984,0.9353428649902343,,100K
20,D-Y(V1),,0.9787173461914063,1,DeepMatcher,,0.9742379760742188,0.9832380676269531,,15K
21,D-Y(V1),,0.9807483673095705,2,DeepMatcher,,0.9742505645751952,0.9873332977294922,,15K
22,D-Y(V1),,0.9789353942871094,3,DeepMatcher,,0.9753261566162109,0.9825714111328123,,15K
23,D-Y(V1),,0.9803921508789063,4,DeepMatcher,,0.9774684906005859,0.9833333587646484,,15K
24,D-Y(V1),,0.9807846832275391,5,DeepMatcher,,0.9772147369384766,0.9843809509277344,,15K
25,D-Y(V2),,0.9862062835693359,1,DeepMatcher,,0.9850817108154295,0.9873332977294922,,15K
26,D-Y(V2),,0.9879495239257813,2,DeepMatcher,,0.9843070220947265,0.9916190338134766,,15K
27,D-Y(V2),,0.9872829437255859,3,DeepMatcher,,0.9838282775878906,0.9907618713378906,,15K
28,D-Y(V2),,0.98661865234375,4,DeepMatcher,,0.9831662750244141,0.99009521484375,,15K
29,D-Y(V2),,0.9866730499267579,5,DeepMatcher,,0.9827114105224609,0.9906666564941407,,15K
30,D-Y(V1),,0.9921395111083985,1,DeepMatcher,,0.989875030517578,0.9944142913818359,,100K
31,D-Y(V1),,0.992195053100586,2,DeepMatcher,,0.991904754638672,0.9924857330322265,,100K
32,D-Y(V1),,0.9916654205322266,3,DeepMatcher,,0.9898375701904295,0.9934999847412109,,100K
33,D-Y(V1),,0.9917341613769531,4,DeepMatcher,,0.9919254302978515,0.9915428924560549,,100K
34,D-Y(V1),,0.9918147277832031,5,DeepMatcher,,0.9900358581542968,0.9936000061035156,,100K
35,D-Y(V2),,0.993333740234375,1,DeepMatcher,,0.9925685882568359,0.9941000366210937,,100K
36,D-Y(V2),,0.9923495483398438,2,DeepMatcher,,0.9896425628662109,0.9950714111328124,,100K
37,D-Y(V2),,0.9938869476318359,3,DeepMatcher,,0.992534637451172,0.9952428436279296,,100K
38,D-Y(V2),,0.9932903289794922,4,DeepMatcher,,0.9915581512451171,0.9950285339355469,,100K
39,D-Y(V2),,0.9929085540771484,5,DeepMatcher,,0.9927171325683594,0.9930999755859377,,100K
40,EN-DE(V1),,0.9707528686523438,1,DeepMatcher,,0.9758444976806641,0.9657142639160157,,15K
41,EN-DE(V1),,0.9688294982910156,2,DeepMatcher,,0.9772309112548828,0.9605714416503907,,15K
42,EN-DE(V1),,0.9655369567871094,3,DeepMatcher,,0.9665044403076172,0.9645714569091796,,15K
43,EN-DE(V1),,0.9675377655029296,4,DeepMatcher,,0.9743119049072265,0.960857162475586,,15K
44,EN-DE(V1),,0.9660348510742187,5,DeepMatcher,,0.9637001037597657,0.9683809661865235,,15K
45,EN-DE(V2),,0.974157943725586,1,DeepMatcher,,0.9665322875976563,0.981904754638672,,15K
46,EN-DE(V2),,0.9744002532958984,2,DeepMatcher,,0.9700774383544922,0.9787619018554687,,15K
47,EN-DE(V2),,0.9779450225830079,3,DeepMatcher,,0.9782712554931641,0.9776190185546877,,15K
48,EN-DE(V2),,0.9754051971435548,4,DeepMatcher,,0.976335906982422,0.9744761657714843,,15K
49,EN-DE(V2),,0.9729884338378906,5,DeepMatcher,,0.97340576171875,0.9725714111328123,,15K
50,EN-DE(V1),,0.971658935546875,1,DeepMatcher,,0.9708621215820312,0.9724571228027343,,100K
51,EN-DE(V1),,0.972505111694336,2,DeepMatcher,,0.9715691375732421,0.973442840576172,,100K
52,EN-DE(V1),,0.9715690612792969,3,DeepMatcher,,0.980351104736328,0.9629428863525391,,100K
53,EN-DE(V1),,0.9741541290283204,4,DeepMatcher,,0.9729255676269531,0.9753857421875,,100K
54,EN-DE(V1),,0.9723487091064452,5,DeepMatcher,,0.97466552734375,0.9700428771972657,,100K
55,EN-DE(V2),,0.9749191284179688,1,DeepMatcher,,0.9717022705078123,0.9781571197509765,,100K
56,EN-DE(V2),,0.9781273651123048,2,DeepMatcher,,0.9756388854980469,0.9806285858154296,,100K
57,EN-DE(V2),,0.976495361328125,3,DeepMatcher,,0.9752083587646484,0.9777857208251952,,100K
58,EN-DE(V2),,0.9786013031005859,4,DeepMatcher,,0.9759455871582031,0.9812714385986329,,100K
59,EN-DE(V2),,0.9791372680664062,5,DeepMatcher,,0.9767292785644531,0.9815571594238279,,100K
60,EN-FR(V1),,0.9556288146972656,1,DeepMatcher,,0.9585129547119141,0.9527619171142578,,15K
61,EN-FR(V1),,0.9528638458251951,2,DeepMatcher,,0.9396295928955078,0.9664762115478516,,15K
62,EN-FR(V1),,0.9541930389404295,3,DeepMatcher,,0.9531502532958984,0.9552381134033204,,15K
63,EN-FR(V1),,0.9530352783203123,4,DeepMatcher,,0.9419535064697265,0.9643809509277343,,15K
64,EN-FR(V1),,0.95486572265625,5,DeepMatcher,,0.9546839141845704,0.955047607421875,,15K
65,EN-FR(V2),,0.9664958190917968,1,DeepMatcher,,0.9632047271728515,0.9698094940185549,,15K
66,EN-FR(V2),,0.9710662841796877,2,DeepMatcher,,0.9720393371582031,0.97009521484375,,15K
67,EN-FR(V2),,0.9680078887939452,3,DeepMatcher,,0.9634870910644531,0.9725714111328123,,15K
68,EN-FR(V2),,0.9694149780273438,4,DeepMatcher,,0.9668434906005859,0.9719999694824221,,15K
69,EN-FR(V2),,0.9674555206298828,5,DeepMatcher,,0.9597039031982422,0.9753333282470704,,15K
70,EN-FR(V1),,0.9559197998046877,1,DeepMatcher,,0.959074478149414,0.9527857208251952,,100K
71,EN-FR(V1),,0.9558853912353515,2,DeepMatcher,,0.9554283905029295,0.9563428497314451,,100K
72,EN-FR(V1),,0.9560854339599609,3,DeepMatcher,,0.9623957824707031,0.949857177734375,,100K
73,EN-FR(V1),,0.9567086791992188,4,DeepMatcher,,0.9598521423339844,0.9535857391357422,,100K
74,EN-FR(V1),,0.957010498046875,5,DeepMatcher,,0.9508164215087891,0.9632857513427734,,100K
75,EN-FR(V2),,0.9640464019775391,1,DeepMatcher,,0.9588356018066406,0.9693142700195313,,100K
76,EN-FR(V2),,0.9694256591796876,2,DeepMatcher,,0.967714385986328,0.9711428833007812,,100K
77,EN-FR(V2),,0.9678333282470705,3,DeepMatcher,,0.9696305084228516,0.9660428619384765,,100K
78,EN-FR(V2),,0.9679646301269531,4,DeepMatcher,,0.962617645263672,0.9733714294433594,,100K
79,EN-FR(V2),,0.970714340209961,5,DeepMatcher,,0.9728524017333985,0.9685857391357422,,100K
0,D-W(V1),,0.8366670017087144,1,Magellan XGBoost,XGBoost,0.8857203660353267,0.7927619047619048,,15K
1,D-W(V1),,0.822548432194927,1,Magellan RF,RF,0.8645046179680941,0.7844761904761904,,15K
2,D-W(V1),,0.8360006020167561,2,Magellan XGBoost,XGBoost,0.8832820947736669,0.7935238095238095,,15K
3,D-W(V1),,0.8216684512800545,2,Magellan RF,RF,0.8402349193708939,0.8039047619047619,,15K
4,D-W(V1),,0.8387463210615996,3,Magellan XGBoost,XGBoost,0.9159806022329988,0.7735238095238095,,15K
5,D-W(V1),,0.8300757685439891,3,Magellan RF,RF,0.8414049505919186,0.8190476190476189,,15K
6,D-W(V1),,0.8339548373731095,4,Magellan XGBoost,XGBoost,0.9140554041780201,0.7667619047619048,,15K
7,D-W(V1),,0.8154791398275691,4,Magellan RF,RF,0.8499277008882462,0.7837142857142857,,15K
8,D-W(V1),,0.8387257341961174,5,Magellan XGBoost,XGBoost,0.87851929092805,0.8023809523809524,,15K
9,D-W(V1),,0.8220322327044025,5,Magellan RF,RF,0.849066179455948,0.7966666666666666,,15K
10,D-W(V2),,0.8631704055860941,1,Magellan XGBoost,XGBoost,0.8991024450634478,0.83,,15K
11,D-W(V2),,0.8477453580901857,1,Magellan RF,RF,0.8587200781631656,0.8370476190476189,,15K
12,D-W(V2),,0.8650946660734589,2,Magellan XGBoost,XGBoost,0.8993730085311954,0.8333333333333334,,15K
13,D-W(V2),,0.8489402697495182,2,Magellan RF,RF,0.8588693957115009,0.8392380952380952,,15K
14,D-W(V2),,0.8649194566479825,3,Magellan XGBoost,XGBoost,0.9205632591637106,0.8156190476190476,,15K
15,D-W(V2),,0.8524285154719937,3,Magellan RF,RF,0.8771664651350262,0.8290476190476189,,15K
16,D-W(V2),,0.8607711138310893,4,Magellan XGBoost,XGBoost,0.926548089591568,0.8037142857142857,,15K
17,D-W(V2),,0.8459122583177937,4,Magellan RF,RF,0.8725450496051832,0.8208571428571428,,15K
18,D-W(V2),,0.861549388666227,5,Magellan XGBoost,XGBoost,0.9218325914667246,0.8086666666666666,,15K
19,D-W(V2),,0.845075924027147,5,Magellan RF,RF,0.867047390041078,0.8241904761904761,,15K
20,D-Y(V1),,0.9707856487517504,1,Magellan XGBoost,XGBoost,0.984621412479185,0.9573333333333334,,15K
21,D-Y(V1),,0.9708494208494208,1,Magellan RF,RF,0.9841487279843444,0.957904761904762,,15K
22,D-Y(V1),,0.9738462996304368,2,Magellan XGBoost,XGBoost,0.9689798227418442,0.9787619047619048,,15K
23,D-Y(V1),,0.973264562532532,2,Magellan RF,RF,0.9671776544719269,0.9794285714285714,,15K
24,D-Y(V1),,0.9722476953520924,3,Magellan XGBoost,XGBoost,0.9856150308249341,0.9592380952380952,,15K
25,D-Y(V1),,0.9715304205404884,3,Magellan RF,RF,0.9829418071936836,0.9603809523809524,,15K
26,D-Y(V1),,0.9729269216205982,4,Magellan XGBoost,XGBoost,0.9670681219420401,0.9788571428571428,,15K
27,D-Y(V1),,0.9723114723114724,4,Magellan RF,RF,0.9648349587396852,0.9799047619047621,,15K
28,D-Y(V1),,0.9727600607441156,5,Magellan XGBoost,XGBoost,0.969447597427166,0.976095238095238,,15K
29,D-Y(V1),,0.9710364410790346,5,Magellan RF,RF,0.965098777046096,0.9770476190476189,,15K
30,D-Y(V2),,0.9742055009263216,1,Magellan XGBoost,XGBoost,0.9718510093829968,0.9765714285714284,,15K
31,D-Y(V2),,0.9743736033851568,1,Magellan RF,RF,0.9728472420013292,0.975904761904762,,15K
32,D-Y(V2),,0.97361350988294,2,Magellan XGBoost,XGBoost,0.9809551430781128,0.9663809523809525,,15K
33,D-Y(V2),,0.9745061462668004,2,Magellan RF,RF,0.9788603824348996,0.9701904761904762,,15K
34,D-Y(V2),,0.9743346007604564,3,Magellan XGBoost,XGBoost,0.9724857685009488,0.9761904761904762,,15K
35,D-Y(V2),,0.9751399563525952,3,Magellan RF,RF,0.9715447154471544,0.9787619047619048,,15K
36,D-Y(V2),,0.9746129435522648,4,Magellan XGBoost,XGBoost,0.9841716838221014,0.9652380952380952,,15K
37,D-Y(V2),,0.9730299401197604,4,Magellan RF,RF,0.9788915662650602,0.9672380952380952,,15K
38,D-Y(V2),,0.9761384161992585,5,Magellan XGBoost,XGBoost,0.9743784399316758,0.977904761904762,,15K
39,D-Y(V2),,0.9752301414064724,5,Magellan RF,RF,0.9718176659731416,0.9786666666666668,,15K
40,EN-FR(V1),,0.9526801492244256,1,Magellan XGBoost,XGBoost,0.9829821717990276,0.9241904761904762,,15K
41,EN-FR(V1),,0.9515513360086132,1,Magellan RF,RF,0.9786591503925912,0.925904761904762,,15K
42,EN-FR(V1),,0.9516049867478158,2,Magellan XGBoost,XGBoost,0.9817703058537574,0.9232380952380952,,15K
43,EN-FR(V1),,0.9488636363636364,2,Magellan RF,RF,0.9768051633723276,0.9224761904761904,,15K
44,EN-FR(V1),,0.9538295471272262,3,Magellan XGBoost,XGBoost,0.9837061026211922,0.9257142857142856,,15K
45,EN-FR(V1),,0.9510202084454666,3,Magellan RF,RF,0.977961155278253,0.9255238095238096,,15K
46,EN-FR(V1),,0.9525121795187244,4,Magellan XGBoost,XGBoost,0.9854393646268199,0.9217142857142856,,15K
47,EN-FR(V1),,0.950465914664051,4,Magellan RF,RF,0.9797775530839232,0.9228571428571428,,15K
48,EN-FR(V1),,0.9537674601613221,5,Magellan XGBoost,XGBoost,0.9861676159479252,0.9234285714285714,,15K
49,EN-FR(V1),,0.950909715070374,5,Magellan RF,RF,0.9801840056617128,0.9233333333333332,,15K
50,EN-FR(V2),,0.9709644472545108,1,Magellan XGBoost,XGBoost,0.992147897823278,0.9506666666666668,,15K
51,EN-FR(V2),,0.970430891936582,1,Magellan RF,RF,0.9915523752733056,0.950190476190476,,15K
52,EN-FR(V2),,0.9701368928728016,2,Magellan XGBoost,XGBoost,0.99301884910741,0.9482857142857144,,15K
53,EN-FR(V2),,0.9704649575982064,2,Magellan RF,RF,0.9938111399480934,0.948190476190476,,15K
54,EN-FR(V2),,0.970931363017694,3,Magellan XGBoost,XGBoost,0.9915607625099284,0.9511428571428572,,15K
55,EN-FR(V2),,0.9699178694659086,3,Magellan RF,RF,0.9902748833978366,0.9503809523809524,,15K
56,EN-FR(V2),,0.9703645934880094,4,Magellan XGBoost,XGBoost,0.9938099041533548,0.948,,15K
57,EN-FR(V2),,0.9699244455276628,4,Magellan RF,RF,0.9934098851722416,0.9475238095238095,,15K
58,EN-FR(V2),,0.971481499536879,5,Magellan XGBoost,XGBoost,0.9951063617297512,0.948952380952381,,15K
59,EN-FR(V2),,0.9705710387838627,5,Magellan RF,RF,0.9936153232242618,0.9485714285714286,,15K
60,EN-DE(V1),,0.9690771852934016,1,Magellan XGBoost,XGBoost,0.9915296462381664,0.9476190476190476,,15K
61,EN-DE(V1),,0.9621146225959216,1,Magellan RF,RF,0.9765548361781441,0.948095238095238,,15K
62,EN-DE(V1),,0.9673138842813932,2,Magellan XGBoost,XGBoost,0.9915983196639327,0.944190476190476,,15K
63,EN-DE(V1),,0.9622229765772756,2,Magellan RF,RF,0.9802391068076276,0.9448571428571428,,15K
64,EN-DE(V1),,0.9640975609756096,3,Magellan XGBoost,XGBoost,0.9882,0.9411428571428572,,15K
65,EN-DE(V1),,0.9599417334304442,3,Magellan RF,RF,0.9791976225854384,0.9414285714285714,,15K
66,EN-DE(V1),,0.9658327655018007,4,Magellan XGBoost,XGBoost,0.9876567788174396,0.9449523809523811,,15K
67,EN-DE(V1),,0.9599264350014519,4,Magellan RF,RF,0.9758905727219052,0.9444761904761904,,15K
68,EN-DE(V1),,0.9660892900707488,5,Magellan XGBoost,XGBoost,0.990495247623812,0.9428571428571428,,15K
69,EN-DE(V1),,0.9582749117632836,5,Magellan RF,RF,0.973190611803987,0.9438095238095238,,15K
70,EN-DE(V2),,0.9732931921919006,1,Magellan XGBoost,XGBoost,0.9928670497325144,0.9544761904761904,,15K
71,EN-DE(V2),,0.9692575406032482,1,Magellan RF,RF,0.9840989399293286,0.9548571428571428,,15K
72,EN-DE(V2),,0.973709740007761,2,Magellan XGBoost,XGBoost,0.992190589165678,0.955904761904762,,15K
73,EN-DE(V2),,0.9705853894533141,2,Magellan RF,RF,0.9863323500491642,0.9553333333333334,,15K
74,EN-DE(V2),,0.9711982126378164,3,Magellan XGBoost,XGBoost,0.990980275547626,0.952190476190476,,15K
75,EN-DE(V2),,0.9687439520030966,3,Magellan RF,RF,0.9845594020456334,0.9534285714285714,,15K
76,EN-DE(V2),,0.9737657308809292,4,Magellan XGBoost,XGBoost,0.9900590551181102,0.958,,15K
77,EN-DE(V2),,0.9683257918552036,4,Magellan RF,RF,0.9789760560638504,0.957904761904762,,15K
78,EN-DE(V2),,0.9736458232033454,5,Magellan XGBoost,XGBoost,0.9946354063182992,0.9535238095238096,,15K
79,EN-DE(V2),,0.9713287731043516,5,Magellan RF,RF,0.9899139721150992,0.9534285714285714,,15K
0,D-W(V1),,0.8154707603258989,1,Magellan XGBoost,XGBoost,0.9070963678353978,0.7406571428571429,,100K
1,D-W(V1),,0.8116762300848981,1,Magellan RF,RF,0.8963361994544008,0.7416285714285714,,100K
2,D-W(V1),,0.8151301059360585,2,Magellan XGBoost,XGBoost,0.9134351117967268,0.7359285714285714,,100K
3,D-W(V1),,0.8178736284525161,2,Magellan RF,RF,0.8695253419147224,0.7720142857142858,,100K
4,D-W(V1),,0.8164256505867424,3,Magellan XGBoost,XGBoost,0.9038401498595068,0.7444285714285714,,100K
5,D-W(V1),,0.8163832695881911,3,Magellan RF,RF,0.8827857688602465,0.7592714285714286,,100K
6,D-W(V1),,0.8200305975800096,4,Magellan XGBoost,XGBoost,0.8930194204166807,0.7580714285714286,,100K
7,D-W(V1),,0.8150497936896969,4,Magellan RF,RF,0.8915869137310799,0.7506142857142857,,100K
8,D-W(V1),,0.8192376901684935,5,Magellan XGBoost,XGBoost,0.9008274373426072,0.7512,,100K
9,D-W(V1),,0.8144888023369036,5,Magellan RF,RF,0.8955888650963597,0.7468571428571429,,100K
10,D-W(V2),,0.8356109671002655,1,Magellan XGBoost,XGBoost,0.9247542944306738,0.7621428571428571,,100K
11,D-W(V2),,0.8310591193425734,1,Magellan RF,RF,0.8967211487559555,0.7743571428571429,,100K
12,D-W(V2),,0.8335052351929988,2,Magellan XGBoost,XGBoost,0.9199034149706796,0.7619428571428571,,100K
13,D-W(V2),,0.8297431206646847,2,Magellan RF,RF,0.8894754044778559,0.7775285714285715,,100K
14,D-W(V2),,0.8346524030911325,3,Magellan XGBoost,XGBoost,0.9156176440487156,0.7668428571428572,,100K
15,D-W(V2),,0.8281539977240964,3,Magellan RF,RF,0.8897385824704203,0.7745428571428571,,100K
16,D-W(V2),,0.8329404762837028,4,Magellan XGBoost,XGBoost,0.9217463646290102,0.7597428571428572,,100K
17,D-W(V2),,0.8291026702228763,4,Magellan RF,RF,0.894387856339705,0.7727,,100K
18,D-W(V2),,0.83137694487642,5,Magellan XGBoost,XGBoost,0.9290742603080506,0.7522714285714286,,100K
19,D-W(V2),,0.8296675191815857,5,Magellan RF,RF,0.8909895876035091,0.7762428571428571,,100K
20,D-Y(V1),,0.9836358913677165,1,Magellan XGBoost,XGBoost,0.9937022566913524,0.9737714285714286,,100K
21,D-Y(V1),,0.9825835693234468,1,Magellan RF,RF,0.9913197725983978,0.9740000000000001,,100K
22,D-Y(V1),,0.9839412477636058,2,Magellan XGBoost,XGBoost,0.9938644048035444,0.9742142857142856,,100K
23,D-Y(V1),,0.9824890105930676,2,Magellan RF,RF,0.9912752653773448,0.9738571428571428,,100K
24,D-Y(V1),,0.9828593689131282,3,Magellan XGBoost,XGBoost,0.9927570025357778,0.9731571428571428,,100K
25,D-Y(V1),,0.9819465965190444,3,Magellan RF,RF,0.9908370300341792,0.9732142857142856,,100K
26,D-Y(V1),,0.9834931345960836,4,Magellan XGBoost,XGBoost,0.9800956204690228,0.9869142857142856,,100K
27,D-Y(V1),,0.98296743544338,4,Magellan RF,RF,0.9787008058006316,0.9872714285714286,,100K
28,D-Y(V1),,0.9828066579087932,5,Magellan XGBoost,XGBoost,0.9932596072481108,0.9725714285714284,,100K
29,D-Y(V1),,0.9817636736926608,5,Magellan RF,RF,0.9764707544903409,0.9871142857142856,,100K
30,D-Y(V2),,0.9850037437159056,1,Magellan XGBoost,XGBoost,0.9833558766996512,0.9866571428571428,,100K
31,D-Y(V2),,0.984076773462714,1,Magellan RF,RF,0.9815522803825985,0.9866142857142856,,100K
32,D-Y(V2),,0.9847283195394028,2,Magellan XGBoost,XGBoost,0.9922262509064542,0.9773428571428572,,100K
33,D-Y(V2),,0.9834986344688804,2,Magellan RF,RF,0.9896152733584032,0.9774571428571428,,100K
34,D-Y(V2),,0.984690903071176,3,Magellan XGBoost,XGBoost,0.9922828089414972,0.9772142857142856,,100K
35,D-Y(V2),,0.9838576307747618,3,Magellan RF,RF,0.9904451682953312,0.9773571428571428,,100K
36,D-Y(V2),,0.9848137004662836,4,Magellan XGBoost,XGBoost,0.9830054940362664,0.9866285714285714,,100K
37,D-Y(V2),,0.9834991489634446,4,Magellan RF,RF,0.9805870741440276,0.9864285714285714,,100K
38,D-Y(V2),,0.984670424823792,5,Magellan XGBoost,XGBoost,0.9824509009201188,0.9869,,100K
39,D-Y(V2),,0.9830870267462628,5,Magellan RF,RF,0.9793034035978057,0.9869,,100K
40,EN-FR(V1),,0.9469308226614906,1,Magellan XGBoost,XGBoost,0.9875748456550741,0.9095,,100K
41,EN-FR(V1),,0.946481341233424,1,Magellan RF,RF,0.985390062150212,0.9105285714285716,,100K
42,EN-FR(V1),,0.9472006435131048,2,Magellan XGBoost,XGBoost,0.9894807276348754,0.9083857142857142,,100K
43,EN-FR(V1),,0.9455907438997254,2,Magellan RF,RF,0.98329477093938,0.9106714285714286,,100K
44,EN-FR(V1),,0.9465364808144554,3,Magellan XGBoost,XGBoost,0.9879139998757224,0.9084857142857145,,100K
45,EN-FR(V1),,0.9450802273975448,3,Magellan RF,RF,0.9834574155880264,0.9095857142857144,,100K
46,EN-FR(V1),,0.9460845708832826,4,Magellan XGBoost,XGBoost,0.9893351627790944,0.9064571428571429,,100K
47,EN-FR(V1),,0.9448376770475122,4,Magellan RF,RF,0.9840189359365088,0.9086571428571428,,100K
48,EN-FR(V1),,0.9457554900032776,5,Magellan XGBoost,XGBoost,0.9881234045202664,0.9068714285714286,,100K
49,EN-FR(V1),,0.9442130815313008,5,Magellan RF,RF,0.9828153734410978,0.9085285714285716,,100K
50,EN-FR(V2),,0.9639266792879262,1,Magellan XGBoost,XGBoost,0.9909924861945141,0.9383,,100K
51,EN-FR(V2),,0.961675944916496,1,Magellan RF,RF,0.9868310282621768,0.9377714285714286,,100K
52,EN-FR(V2),,0.9629684066640699,2,Magellan XGBoost,XGBoost,0.9915850650038592,0.9359571428571428,,100K
53,EN-FR(V2),,0.9613424924671744,2,Magellan RF,RF,0.9873800882490248,0.9366428571428572,,100K
54,EN-FR(V2),,0.962837267044244,3,Magellan XGBoost,XGBoost,0.9910027067487259,0.9362285714285714,,100K
55,EN-FR(V2),,0.9611773587118242,3,Magellan RF,RF,0.9869207266597432,0.9367428571428572,,100K
56,EN-FR(V2),,0.9632779564917228,4,Magellan XGBoost,XGBoost,0.9912482239487288,0.9368428571428572,,100K
57,EN-FR(V2),,0.9610281072680088,4,Magellan RF,RF,0.987034304129145,0.9363571428571428,,100K
58,EN-FR(V2),,0.9634529032637374,5,Magellan XGBoost,XGBoost,0.9920994082123776,0.9364142857142858,,100K
59,EN-FR(V2),,0.9615096885863904,5,Magellan RF,RF,0.9879872185210864,0.9364142857142858,,100K
60,EN-DE(V1),,0.9675298106149169,1,Magellan XGBoost,XGBoost,0.990218951902369,0.9458571428571428,,100K
61,EN-DE(V1),,0.9665460593504712,1,Magellan RF,RF,0.987552918728758,0.9464142857142858,,100K
62,EN-DE(V1),,0.9665981613264194,2,Magellan XGBoost,XGBoost,0.9902890797104708,0.9440142857142856,,100K
63,EN-DE(V1),,0.9652856850894864,2,Magellan RF,RF,0.9868664557339859,0.9446285714285716,,100K
64,EN-DE(V1),,0.9679607109448084,3,Magellan XGBoost,XGBoost,0.9909025616471152,0.9460571428571428,,100K
65,EN-DE(V1),,0.9663695122485008,3,Magellan RF,RF,0.9874176332031368,0.9462,,100K
66,EN-DE(V1),,0.9676834439797618,4,Magellan XGBoost,XGBoost,0.9910741029173904,0.9453714285714284,,100K
67,EN-DE(V1),,0.9655237775849876,4,Magellan RF,RF,0.9858859261244362,0.9459857142857144,,100K
68,EN-DE(V1),,0.9676677578340692,5,Magellan XGBoost,XGBoost,0.9927424080780154,0.9438285714285716,,100K
69,EN-DE(V1),,0.9659399748677636,5,Magellan RF,RF,0.98850110652551,0.9443857142857144,,100K
70,EN-DE(V2),,0.9684033244242668,1,Magellan XGBoost,XGBoost,0.9933899196274318,0.9446428571428572,,100K
71,EN-DE(V2),,0.9659678419076092,1,Magellan RF,RF,0.9865792805541074,0.9462,,100K
72,EN-DE(V2),,0.9688619776812484,2,Magellan XGBoost,XGBoost,0.9924789500494412,0.9463428571428572,,100K
73,EN-DE(V2),,0.9660293217523098,2,Magellan RF,RF,0.9858855375096676,0.9469571428571428,,100K
74,EN-DE(V2),,0.9682817128021356,3,Magellan XGBoost,XGBoost,0.9919682325616244,0.9457,,100K
75,EN-DE(V2),,0.9649218585082144,3,Magellan RF,RF,0.9836892800427433,0.9468571428571428,,100K
76,EN-DE(V2),,0.9683345277968729,4,Magellan XGBoost,XGBoost,0.9919690749453118,0.9458,,100K
77,EN-DE(V2),,0.9647791512364766,4,Magellan RF,RF,0.9830385339599982,0.9471857142857144,,100K
78,EN-DE(V2),,0.9686402978402188,5,Magellan XGBoost,XGBoost,0.9945221147045102,0.9440714285714286,,100K
79,EN-DE(V2),,0.9660636124890576,5,Magellan RF,RF,0.9870900417412044,0.9459142857142856,,100K
